9134465550547,Reece Cano,aSrei33sare,m,74,cairo,0,0
3244708149123,Lily-Anne Castaneda,4YBxUW2D,m,80,damietta,1,0
1481770967015,Willem Day,yWk96gte,f,55,new valley,1,0
3738390836425,Habibah Snyder,S5D6QkAe,f,19,monofiya,1,0
5521237690797,Viaan Rodgers,eALH9ujz,m,33,luxor,1,0
2150042200606,Sianna Brennan,jQspa74K,f,47,kafr el sheikh,1,0
5355743975876,Clare Franco,Ye4JUkvK,m,99,fayyoum,1,0
6022954224230,Jill Mccartney,XF7waVpY,m,77,sohag,1,0
3918538808513,Rubie Tanner,HLWGknu5,m,40,monofiya,1,0
1324406778894,Zayyan Gross,5tZSQg8Y,f,95,new valley,1,0
6453482892319,Sidrah Barr,NMDhwYs7,m,98,port said,1,0
1655295305403,Nazia Hogg,M7Pwc9dG,m,23,beheira,1,0
3512382153066,Rufus Green,BWHq3eVK,m,22,south sinai,1,0
4768742190337,Mia-Rose Rodriguez,eCPb3Mr9,f,78,luxor,1,0
1564150637551,Kanye Tang,xp6BkJnm,f,77,new valley,1,0
3302384129427,Eliza Clemons,huK7PM4J,m,87,new valley,1,0
5496090240041,Terry Harmon,sN4ahuS6,m,22,ismailia,1,0
6880008629315,Conan Handley,5YQyMP68,m,52,sohag,1,0
8312798366745,Glenn Russo,VgJpRy5B,f,81,minya,1,0
6237379144247,Casper Prince,z2T9csFD,m,36,daqahliya,1,0
9046693146894,Devin Lacey,KWJjXmx4,f,40,sohag,1,0
3423283960690,Vivien Findlay,aGLQnY4K,m,84,red sea,1,0
8328391676968,Maude Petersen,w3JeCB9H,f,68,daqahliya,1,0
5566598912590,Salahuddin Rosa,uMhY9bBk,f,95,kafr el sheikh,1,0
6462392542904,Thalia Byrd,Swxtb2Pr,m,33,qalioubiya,1,0
5566953719203,Lorcan Chadwick,MjLY4D7U,m,66,bani suef,1,0
7318146262509,Ayyan Choi,Mcb4Zyas,f,69,aswan,1,0
6802327231828,Shanay Davies,A3dZHsek,m,18,kafr el sheikh,1,0
7449585448915,Deanna Bowers,kR9Vd4bx,m,55,port said,1,0
4508961831506,Dale Harper,m7rLBnd3,f,35,daqahliya,1,0
5501084282145,Darragh Barajas,2VFRgtpk,f,69,gharbiya,1,0
7175084108272,Elliott Foley,MFc2BzyZ,m,63,assiut,1,0
2032284694052,Lennie Cantrell,8WQFrNEq,f,54,beheira,1,0
2676967459363,Stuart Macfarlane,eWw7YCvM,f,27,giza,1,0
8978960800682,Lucien Clegg,5bdgApM7,f,52,luxor,1,0
7251589880445,Faiz Wilkes,Qv3EMpCr,m,50,minya,1,0
8262576063496,Kyla Medrano,KHbzrv5B,m,39,luxor,1,0
6491608443521,Aaryan Buxton,wX5Ztz49,f,63,luxor,1,0
5974418280881,Emrys Mckinney,JtTuaD9k,f,97,north sinai,1,0
9630981337045,Keaton Allen,yh76EX8f,m,31,sharqiya,1,0
1354711569171,Anna Callaghan,9zXr2Ydu,m,99,beheira,1,0
7200701734381,Nadine O'Neill,Y9PUcsjD,m,73,south sinai,1,0
7157262656140,Marni Smart,6Cvr2Kk9,m,94,north sinai,1,0
7764936965094,Xavier Daugherty,ypsFJYE3,m,81,qalioubiya,1,0
2712714811934,Masuma Reyes,KpScY6Tm,f,39,luxor,1,0
3380366924505,Mali Neal,5qhCNS2H,f,71,damietta,1,0
9468473228988,Raife Clark,Af3tWRjE,m,87,marsa matrouh,1,0
8478901497451,Trixie Fuller,bWx3XPce,f,76,beheira,1,0
5708143916103,Braxton Chaney,z7VAkND4,m,63,port said,1,0
7093811998326,Eshaan Barron,9n4WwygY,m,73,sohag,1,0
5486478635110,Cody Huff,YjEGXQ45,m,18,qalioubiya,1,0
4707100394711,Kaiser Moreno,uvxD2P7R,m,60,sharqiya,1,0
2103386927567,Agatha Ware,Uanu2sTC,m,23,aswan,1,0
8968167695925,Abubakr Ford,MvJ8BQ2U,m,26,alexandria,1,0
1285325528015,Antoine Forster,9tmyYcKE,m,67,kafr el sheikh,1,0
3118291849099,Layton Armstrong,k8cBADqf,f,91,new valley,1,0
5084209372056,Kira Hardy,Dxbps9ZF,f,62,red sea,1,0
8326719599982,Khalil Dickson,Hrk3VsPx,f,58,sharqiya,1,0
1371308586119,Mayur Ramsay,YDLaZwP6,m,64,port said,1,0
1349695254920,Madison Garcia,Zm5MERp3,f,57,red sea,1,0
7078249123755,Teri Chen,fbD7CjGk,m,68,alexandria,1,0
2004797036400,Tyson Maguire,YfB4vpnL,m,60,new valley,1,0
9112509515733,Ralphie Connolly,A2x6h35B,f,68,port said,1,0
8140483203348,Rae Webster,VPNqQ94t,m,61,sohag,1,0
6317407272843,Konnor Martins,jvwkdJ72,f,99,alexandria,1,0
8087297092657,Sofie Estrada,xqWZd2Ag,m,56,gharbiya,1,0
1675574100760,Cassia Mcneil,CtSrd4gs,f,40,alexandria,1,0
7579413619966,Nella Hibbert,8fZEGNQK,m,85,kafr el sheikh,1,0
1285413203348,Jamelia Powell,QyBnte8j,m,32,new valley,1,0
1954095767686,Becky Boyd,L92HuARe,m,46,giza,1,0
2694073215114,Daphne Fountain,RvB4KV5f,f,97,cairo,1,0
7178400547043,Maxwell Pittman,9VXYyTr5,f,92,new valley,1,0
3405652783442,Tomos Schofield,a9TR8BUM,m,60,qalioubiya,1,0
8481201610212,Aviana Alford,m9CsqZNv,f,83,qalioubiya,1,0
4902920710555,Keavy Dougherty,fPgae5nF,f,77,monofiya,1,0
4120209715267,Arron Greer,TLRS5a9V,f,47,kafr el sheikh,1,0
7384607974589,Ruairidh Mcdaniel,gyG4Wa9L,m,96,kafr el sheikh,1,0
1411391055177,Yanis Savage,uwP4q5xd,m,37,cairo,1,0
4292874071003,Mariya Ratliff,vRQt6SVp,f,25,fayyoum,1,0
1568869360996,Anastazja Webber,f4kgQsCS,m,70,sohag,1,0
2726719591065,Saqlain Hodson,tEYQZmz2,m,37,sohag,1,0
5224909819800,Khadeejah Swanson,6vaeUTJF,f,48,cairo,1,0
1620023751781,Lucie Lee,9duQcE7e,f,29,damietta,1,0
7504125155236,Sanah Bruce,Ku6YsZHD,f,47,kafr el sheikh,1,0
4300507584063,Jakub Langley,ycFU3mhg,m,22,red sea,1,0
3688382496751,Cairo Avila,2dkVHmXs,f,27,sharqiya,1,0
7428333328391,Manon Pruitt,6HVKMsWz,m,97,north sinai,1,0
7300349344205,Jasper Blackburn,JgT4wASp,m,33,beheira,1,0
3396902750241,Allegra Stott,u6aV5rKP,m,51,beheira,1,0
4519993799428,Misty Brooks,w6e4fE5R,f,97,qena,1,0
6652727957219,Alister Southern,RE3wjevU,m,54,north sinai,1,0
6231565171532,Abida Molloy,FKvH5bJZ,m,61,damietta,1,0
9743643276734,Anil Paul,XvdsTqx5,m,98,qalioubiya,1,0
5851634692589,Iyla Buckner,BfM3XdN6,m,23,damietta,1,0
5382238718803,Siena Dolan,4vPUxrC6,f,21,beheira,1,0
3040559335904,Lemar Randolph,Dn8wfe2h,m,96,sohag,1,0
5360805360493,Cordelia Sellers,UKk5zJvY,m,90,sohag,1,0
5782595393141,Aneurin Mahoney,7qpEzQAw,m,54,cairo,1,0
3684074814776,Zayd Bloom,f2vyE8YR,f,34,new valley,1,0
8565459657503,Tanisha Todd,K473M9tY,m,64,damietta,1,0
7827174592869,Sioned Paine,J2VGuZCW,f,52,giza,1,0
8116792541403,Olivia-Grace Plant,2ME35LvN,m,57,assiut,1,0
9336269693718,Connah Witt,7vcYENha,f,88,ismailia,1,0
7468601774109,Eathan Munoz,Rk9WFpKb,m,62,new valley,1,0
7049444242601,Mazie Pate,wTmvYzE7,f,19,assiut,1,0
1544712832059,Christos Joseph,kNdq5XUb,m,23,kafr el sheikh,1,0
4128268013627,Nikki Knight,5JAzdpTs,m,19,bani suef,1,0
7173198587624,Asmaa Rodrigues,uKvJ7Cen,f,99,red sea,1,0
5880239321292,Jedd Cuevas,HeFUz8tV,f,18,minya,1,0
2265562404157,Lily-May Sears,hWNUDTC5,f,36,south sinai,1,0
2778999681591,Izabela Blackburn,Bs4pUJw6,f,74,bani suef,1,0
2146110596104,Hebe Barker,aHDj42kA,f,78,north sinai,1,0
1790478586941,Delia Yoder,WLbeq54Q,f,30,daqahliya,1,0
6113538089189,Lara Arias,8VuKdJ7N,m,28,cairo,1,0
6423026905053,Cassia Felix,dx3MGfSU,f,38,gharbiya,1,0
6633945575939,Saira Swan,x9VELhBp,m,31,new valley,1,0
2484608168562,Demi-Leigh Conrad,gVDtYB4C,f,51,south sinai,1,0
8762195011220,Jem Haney,ksnJP6HC,m,55,north sinai,1,0
4470065811812,Alejandro Knowles,rGTuB34e,f,98,new valley,1,0
5921894301636,Layton Blanchard,LGcEFn7A,f,39,south sinai,1,0
1808316484786,Lukasz Haines,FRzBmW4U,f,67,giza,1,0
3655445307665,Rosanna Boyer,fK8g6NSa,m,26,qalioubiya,1,0
6062405791517,Emre May,WLjynaw9,f,60,suez,1,0
8687402348682,Reece Stewart,Rw8QgjZc,m,21,minya,1,0
8589737008957,Gillian Major,4etzTVFW,m,75,red sea,1,0
5462395354940,Tayler Mccann,zyhH2Vxs,m,32,suez,1,0
2969324365781,Benn Gibbs,tZTyHC89,m,68,port said,1,0
9481335789001,Nikhil Hicks,j85Zx3v2,m,86,ismailia,1,0
2670783945278,Haidar Decker,Vny26Hfm,f,87,qena,1,0
1876329732430,Aamina Li,RsXUA8EJ,f,59,daqahliya,1,0
1847094994889,Kelan Shepherd,6zySsFUu,f,88,bani suef,1,0
7933589698318,Acacia Sanderson,UwSd6yPt,f,58,assiut,1,0
4756622957846,Isabella-Rose Rollins,UvRFV63Y,f,39,daqahliya,1,0
7268322308754,Chyna Gillespie,29NuFkUH,f,44,qalioubiya,1,0
3584042257556,Shanna Long,sWYyC5Fr,f,46,aswan,1,0
9999084172505,Hamza Alfaro,trVKJh9Z,f,37,beheira,1,0
1902052173975,Safiyah Harper,FpXJg5EH,m,26,damietta,1,0
3556236044741,Stefania Villa,R5jNasyD,m,65,north sinai,1,0
2461110841785,Polly Riley,cdGYTPR9,f,46,port said,1,0
6397526203961,Ebrahim Good,6R4gPJSq,f,57,port said,1,0
1742299794071,Sayed Copeland,QtGTvSw2,f,69,fayyoum,1,0
2122773113069,Rachel Thomas,8cMaVHmg,m,38,assiut,1,0
3970148639125,Lucian Duarte,N6ZtqAT2,m,37,assiut,1,0
6201669307293,Hallie Petty,XvNf7ByF,m,76,sharqiya,1,0
3156077847625,Ammaarah Harvey,g2HZWPVJ,f,82,port said,1,0
3923350981162,Carl Browning,uZk8Y7wJ,f,50,sharqiya,1,0
7893094429946,Kathy Lozano,2gWjCYMh,m,43,alexandria,1,0
9418540763582,Letitia Beltran,U6ybLnSj,f,82,kafr el sheikh,1,0
1788734932708,Bobby Benson,vaF9kmLE,f,69,damietta,1,0
6743606176187,Enid Fellows,d9UacgM8,m,54,new valley,1,0
7224731868897,Allen Lane,rCXyEv62,m,74,kafr el sheikh,1,0
1058022115192,Axl Farrow,2X6eUkJS,f,95,kafr el sheikh,1,0
8648579027698,Mac Huerta,npFNkCS3,m,96,assiut,1,0
6256450994376,Caoimhe Mejia,2Wj6Y3gk,m,59,damietta,1,0
7786234063542,Emma Amin,VUrne4y3,m,50,north sinai,1,0
4728772822038,Anabella Morrow,EHNYq4xh,m,32,marsa matrouh,1,0
4076442563766,Mathilde Dowling,xcRUKjw4,m,94,giza,1,0
5762746366215,Valentina Garcia,N7ufdwJX,m,95,port said,1,0
5968216629858,Aaryan Becker,32ptSNKq,f,74,suez,1,0
8335759758317,Zofia Samuels,xDKLjnJ3,f,74,qena,1,0
4011622141089,Lila Barnett,kC9AUSsa,m,58,red sea,1,0
3360347883327,Tallulah Olsen,E9ebsjU6,f,36,fayyoum,1,0
2558976761391,Rhiannon David,hau2XzBv,f,47,bani suef,1,0
8600521633141,Elsie Prosser,4MFzrSCh,m,59,minya,1,0
4090547761638,Kirstin Cardenas,wDqj4PX9,f,48,qena,1,0
6355609823000,Ayva Sheppard,A8e5ruNY,m,82,alexandria,1,0
3374616974569,Naomi Dillard,Uhkxt97a,m,45,kafr el sheikh,1,0
4298472400415,Shayna Dyer,bJ9Y5zcB,f,80,red sea,1,0
7578524111872,Yousif Barnard,CqU9yGQj,m,20,assiut,1,0
3632849346495,Ivor Coles,53uLAqDw,m,58,sohag,1,0
2351975903716,Bartlomiej Rich,4s52xGV8,f,24,gharbiya,1,0
9372429303458,Rukhsar Moreno,GBvtKV5r,f,30,alexandria,1,0
5807585669181,Marisa Kendall,jRnBqWr3,f,53,gharbiya,1,0
2097086272242,Asiyah Conley,fHUd4S8E,f,35,gharbiya,1,0
7110846711728,Lilia Dodd,fKM8YdNr,f,39,cairo,1,0
2933580872915,Khloe Morales,fqJHX472,f,90,red sea,1,0
4937596723310,Abu Reynolds,R3aJvxhF,f,88,south sinai,1,0
4201813147119,Myron Saunders,mS7LYqyn,m,39,luxor,1,0
8215363322685,Bessie Jarvis,rAzvF4un,m,72,alexandria,1,0
9704288089160,Reya Lynch,5zsu7jUn,m,99,kafr el sheikh,1,0
8727055090960,Sharon Brookes,DnZuyQ72,f,43,monofiya,1,0
2794188935713,Aya Walmsley,e3kxu7Yj,f,65,assiut,1,0
6843563341767,Erik Childs,n4JjZSLt,f,94,damietta,1,0
6488728235376,Saanvi Hayes,z5jTvZUh,f,37,alexandria,1,0
8052547704852,Abdur Peters,6nyEHPMz,f,36,qena,1,0
4513252860924,Jessica Ross,wJd9EMQu,m,47,assiut,1,0
2366483446764,Amelie Merrill,Bdgr5D9F,m,25,monofiya,1,0
9639327274888,Kyan Hensley,TSVzfM7K,m,68,alexandria,1,0
9441199894783,Kristy Daugherty,pVdsbR7c,f,27,daqahliya,1,0
6530228214516,Marek Parsons,sGgxP4f2,m,92,monofiya,1,0
3639927623506,Manha Person,ewW3gDT5,f,65,new valley,1,0
4621612790028,Rumaisa Nelson,HEQuL6fh,m,53,ismailia,1,0
7727111318007,Nico Rangel,HdRw9NYA,f,24,gharbiya,1,0
8475471389163,Abdurrahman John,CKf69upj,m,42,minya,1,0
5601758806931,Ioana Nolan,EdxUX7WL,m,28,cairo,1,0
5898404346630,Edward Caldwell,KtX4LNdV,m,37,marsa matrouh,1,0
7001591723480,Emanuel Miller,54bvMDwk,m,51,qena,1,0
7478223546998,Marshall Hawes,FM5zpZjt,f,80,sharqiya,1,0
6788628391109,Sallie Morton,w4HjvAbE,f,43,ismailia,1,0
3238648626186,Alistair Bernal,FYLaE9tp,m,53,gharbiya,1,0
7764151326232,Cristiano Fox,Bw94gPnT,f,28,qalioubiya,1,0
8866401760082,Teagan Whelan,Nzn7ZDEA,f,66,damietta,1,0
2832362480118,Emma-Louise Gonzalez,fTP69bDM,m,32,cairo,1,0
7990944612293,Hywel Hernandez,mWpb2B5A,f,22,giza,1,0
8590681841041,Greyson Lake,9SP6pzyC,f,51,qalioubiya,1,0
3272293422119,Zackery Ayers,9UgcyCbA,f,45,monofiya,1,0
6543482737551,Taio Barlow,U8wbd4L2,f,30,ismailia,1,0
5783758402037,Cari Rodriquez,JZFcru9p,f,47,new valley,1,0
1188287650377,Keir Peterson,m8DvcG3z,f,94,giza,1,0
2483367574421,Zaine Shaffer,4rZakSue,f,67,marsa matrouh,1,0
7085486963504,Raiden East,4TCme2UW,m,35,red sea,1,0
6299250503681,Elli Cohen,kfhubm7Z,f,47,qalioubiya,1,0
4474473005021,Jay-Jay Cunningham,RXZB26yL,f,71,giza,1,0
2797470325522,Nazia Alvarez,ng4x93Mt,f,76,marsa matrouh,1,0
9190836169649,Carlie Mora,eqJjf9E4,m,20,minya,1,0
3975954994459,Jacqueline Cordova,yXCx7vdM,m,27,south sinai,1,0
2938226108303,Stanislaw Stevens,XNPS8xUG,f,25,new valley,1,0
1333466155536,Kareem Dunne,gy8zv3KX,m,19,aswan,1,0
6996096009132,Tahmid Vance,EB6sNWmd,f,33,marsa matrouh,1,0
9363776223123,Rania Warner,KjLRvM5X,f,87,ismailia,1,0
4982551151825,Lola-Mae Webber,cR2fdUjK,m,31,qalioubiya,1,0
4484416209153,Bryn Yang,23pcTCNQ,f,79,new valley,1,0
2907667635172,Geraint Short,WnMwr96g,m,91,sharqiya,1,0
5329904094825,Boris Mack,Yhwx4ak2,f,79,ismailia,1,0
8216566759646,Orlando Barrett,2ekAtxTj,f,99,marsa matrouh,1,0
4436645778696,Samiya Macias,DGFAf48h,m,57,beheira,1,0
9438350310398,Liberty Flowers,PV8sfmDq,m,63,sohag,1,0
8464649190353,Konnor Lott,muTDXS5r,f,84,ismailia,1,0
6015055016604,Serenity Cooley,UAX3pFwa,f,32,daqahliya,1,0
1337280963119,Keanu Pace,4cL5sTrt,f,89,suez,1,0
5707257364387,Uzair Cox,8mvp3Z9u,m,55,gharbiya,1,0
9179891469841,Josie Johnston,YZK7W84t,m,35,sharqiya,1,0
2046111637089,Jerome Newton,GVv6Rw4t,f,94,gharbiya,1,0
1186482144721,Eman Burgess,Y8gLw6UG,f,22,beheira,1,0
5770671307012,Phebe Good,LhU2NxEb,m,28,luxor,1,0
9304214504717,Aariz Beattie,4QDGMFuk,m,60,sohag,1,0
2467821482051,Emily-Rose Goodman,ZE3GJFxQ,m,58,red sea,1,0
5201728503939,Mahdi North,EYDJ3hdz,f,35,sharqiya,1,0
8187451107044,Melvin Lyon,nFJd9wvV,f,39,ismailia,1,0
3728736437192,Levison Wynn,ZG5j6aW7,f,71,port said,1,0
8410941271220,Zeynep Vu,3w5PTtmq,m,58,suez,1,0
1634505071433,Ayesha Blackmore,9W3HJRkr,f,21,daqahliya,1,0
6292264320882,Bertie Ramirez,jEBrS6cA,f,55,luxor,1,0
1072259776883,Ria Crowther,qyf58tCs,f,90,sharqiya,1,0
2186650510257,Katarina Mooney,Mx4h6EQ9,m,20,gharbiya,1,0
1610879764439,Freddie Mcguire,3kHxdVze,f,18,sharqiya,1,0
6218769258698,Asim Weber,abDrw37t,m,63,kafr el sheikh,1,0
8382753483409,Heena Nolan,dRVb9chs,m,89,damietta,1,0
6493227276836,Alara Coombes,t67JbG5M,m,53,luxor,1,0
5721704953593,Isabel Draper,HJ7UqSFk,m,22,north sinai,1,0
6969257006500,Jensen Goff,c4apLgsw,m,52,assiut,1,0
3901778020978,Paris Beaumont,V6KYf9p5,f,39,new valley,1,0
5423525067492,Faith Francis,6kbMjYGz,m,75,gharbiya,1,0
2159873560138,Osama Marin,eScY4mFw,m,98,south sinai,1,0
2245765193626,Cormac Guzman,LD9RTsft,f,23,red sea,1,0
2420261002063,Jiya Odling,h8JCE4HX,f,35,marsa matrouh,1,0
6136955962365,Eamonn Kramer,rgAbR3jv,f,54,cairo,1,0
1971732623122,Arooj Marshall,qkn5WAaf,f,27,sohag,1,0
3819658449726,Bartosz Barnett,tKWRJ26h,m,87,suez,1,0
8943106886203,Pierce Gomez,v5qsrVW9,m,70,sohag,1,0
1507055722110,Steffan Burris,zhx9HRPm,f,99,bani suef,1,0
4505693234828,Abbi Noel,zJH2E9We,f,90,monofiya,1,0
3145606604724,Tobey Kemp,5QAFcaWr,m,50,damietta,1,0
5548337605271,Cody Bray,LRYvV2TP,f,99,sohag,1,0
9856923772751,Cydney Holding,Yv7U3bxu,f,36,marsa matrouh,1,0
6041746000572,Korey Keller,4veMHcKE,m,23,cairo,1,0
2363979475477,Shannan Turnbull,D9SVGuya,f,66,ismailia,1,0
9537207611375,Ophelia Lancaster,VL8GTujJ,m,46,giza,1,0
2543710697043,Ivan Clifford,5TVhaLQG,m,95,bani suef,1,0
1657735497162,Martyna Ross,U7vrhNdH,m,74,qena,1,0
7180218081871,Brittney Woodley,Wut74pdN,f,78,assiut,1,0
2078764113389,Arnie Archer,g9RqAdLh,f,87,bani suef,1,0
6410805945516,Kimberley Alcock,2pycFmuS,f,23,beheira,1,0
9654901960796,Chace Long,Cs8Xxwya,m,77,red sea,1,0
6255875570412,Amiyah Randolph,D6uU8RkL,f,36,gharbiya,1,0
4374000864144,Katie Pruitt,g2GSJx6t,m,51,minya,1,0
1714905774992,Adeeb Poole,5HuKXg26,m,19,bani suef,1,0
3834369031449,Amaan Rojas,cW6SGYTU,m,86,gharbiya,1,0
9699269702168,Jesse Bourne,2G6Pucek,m,36,port said,1,0
2403275345416,Hibba Daly,nA43REdU,m,45,beheira,1,0
8956800412578,Winifred Powers,GkPRKD5d,m,43,port said,1,0
3076234351630,Madihah Gill,9pWbVyu4,m,18,fayyoum,1,0
6687774258957,Neal Cortes,b6efKyP2,f,46,north sinai,1,0
8231173780486,Dylan Parra,57TJZaDx,m,66,south sinai,1,0
6467064310075,Mitchel Felix,CB5Xp9js,f,38,aswan,1,0
5610309096734,Alanah Campos,F4Uvyekn,f,95,monofiya,1,0
7605873992274,Velma Simmonds,v2JDecdF,f,91,beheira,1,0
9416445226987,Walter Hendricks,aUJHVD9h,f,22,kafr el sheikh,1,0
6321740450361,Ines Howe,5KZFBy29,m,22,luxor,1,0
1558708488988,Jolene Anthony,Y4gM8pdV,f,66,marsa matrouh,1,0
4967034065928,Dean Snyder,5aTJ3R4P,m,74,red sea,1,0
4305235993053,Olive Simpson,Xn2hKtSs,f,50,qalioubiya,1,0
2332381675176,Aysha Frank,2XK8SdBU,f,36,ismailia,1,0
1774919441008,Suraj Sullivan,3Zz7ERab,f,28,new valley,1,0
8063561523826,Uwais Forster,mMvgWJV9,m,45,damietta,1,0
3467035565512,Darci Foreman,fzP53wTR,f,32,north sinai,1,0
5567676577429,Jeff Duffy,uqBjz6eU,f,48,giza,1,0
5235654675428,Kyan Novak,5DKgJQwy,f,51,south sinai,1,0
9711624462308,Qasim Wall,ZsYf7cxG,m,28,gharbiya,1,0
9853227390073,Ayda Johns,bCuRZxe7,f,41,minya,1,0
4919863829398,Reece Cano,jT2HDkGg,f,85,gharbiya,1,0
6736069526742,Lily-Anne Castaneda,c4dbsES8,f,29,red sea,1,0
7999733300514,Willem Day,DS4J9ZkC,m,86,port said,1,0
7430657287658,Habibah Snyder,YPU2Ffhx,f,74,port said,1,0
1090644358036,Viaan Rodgers,ZHSqc4um,m,27,port said,1,0
1466154282150,Sianna Brennan,Q72KWswZ,f,97,gharbiya,1,0
4399808480727,Clare Franco,NyhjY47X,m,42,fayyoum,1,0
8429199664604,Jill Mccartney,AMfwW8Ub,f,96,sohag,1,0
3317663012677,Rubie Tanner,M3hfHJXG,f,44,sharqiya,1,0
3139826427959,Zayyan Gross,rJFyR9M7,f,56,port said,1,0
3743760673587,Sidrah Barr,xreGZg9E,f,60,sohag,1,0
2684889830517,Nazia Hogg,nKcA5amQ,m,66,red sea,1,0
6618363384616,Rufus Green,qSP3jDvx,m,69,bani suef,1,0
5448176710785,Mia-Rose Rodriguez,yDs9ZNMq,m,81,qalioubiya,1,0
2224010085885,Kanye Tang,Tn9VMj5Q,f,22,daqahliya,1,0
1535530494221,Eliza Clemons,57hm2dKE,f,55,giza,1,0
2858236426810,Terry Harmon,YDaZde6A,f,58,monofiya,1,0
8790383089005,Conan Handley,5dbzmKCk,m,87,monofiya,1,0
6151938424442,Glenn Russo,S8AKdDUX,m,85,suez,1,0
8474027356714,Casper Prince,7jCrqMtY,m,26,gharbiya,1,0
9953862748682,Devin Lacey,z9wY2fZe,f,81,cairo,1,0
2462688065121,Vivien Findlay,CW9TVbQz,f,77,qena,1,0
7942881299132,Maude Petersen,z243Pha6,m,74,south sinai,1,0
2986630609424,Salahuddin Rosa,vLa4bVZN,m,26,luxor,1,0
1880212328269,Thalia Byrd,Y2N7fehC,m,76,fayyoum,1,0
7499099885654,Lorcan Chadwick,cgL5Hy64,m,34,cairo,1,0
1668257830425,Ayyan Choi,BTUt9s72,f,53,bani suef,1,0
6964097116425,Shanay Davies,MPb2cpm9,f,78,beheira,1,0
5179715741064,Deanna Bowers,93PvX8Ft,f,42,fayyoum,1,0
1078268010337,Dale Harper,FTb4wZkt,f,46,monofiya,1,0
9830818386956,Darragh Barajas,MxSwJ8zD,m,59,red sea,1,0
1162662998636,Elliott Foley,5BkRAvrZ,f,92,daqahliya,1,0
9147456407839,Lennie Cantrell,st9wnk3E,m,58,qalioubiya,1,0
3864275492614,Stuart Macfarlane,6pP5etEu,m,81,luxor,1,0
2780561926701,Lucien Clegg,shU4C6Qy,f,29,ismailia,1,0
3473044696949,Faiz Wilkes,FJ8fSZc7,m,33,red sea,1,0
6123703904506,Kyla Medrano,QnjcDk6P,f,35,qalioubiya,1,0
6276784224022,Aaryan Buxton,KPx8JcbE,f,39,alexandria,1,0
7460233379739,Emrys Mckinney,jTfSy4GY,m,30,new valley,1,0
2589184701407,Keaton Allen,a8gGCWkP,f,62,minya,1,0
5872681967576,Anna Callaghan,z2rCLDck,m,21,ismailia,1,0
1009503478383,Nadine O'Neill,qcMFEP2x,m,52,monofiya,1,0
3799528970890,Marni Smart,TMeNKY56,f,83,monofiya,1,0
1567408090187,Xavier Daugherty,uAf7knb3,m,84,qena,1,0
6217556430765,Masuma Reyes,eQg8w4jK,f,73,north sinai,1,0
5209051608384,Mali Neal,7KMARt8Y,m,44,luxor,1,0
5742413550732,Raife Clark,SWR3azhF,m,37,damietta,1,0
9138818883033,Trixie Fuller,3ukjMCLK,m,35,south sinai,1,0
1378540687618,Braxton Chaney,6rAKCqjL,m,65,red sea,1,0
4020395629164,Eshaan Barron,MPrUmpq2,m,78,new valley,1,0
4666776166683,Cody Huff,Xf3aBubj,f,88,cairo,1,0
4252364957046,Kaiser Moreno,4Ma9Nybk,f,62,north sinai,1,0
6279626215592,Agatha Ware,mX328FWN,f,40,north sinai,1,0
9753093035318,Abubakr Ford,phtB6x4m,f,23,damietta,1,0
2138471264781,Antoine Forster,DA6tBRU2,m,53,aswan,1,0
5938713711366,Layton Armstrong,wxdyURS9,f,91,minya,1,0
5507146354384,Kira Hardy,ztyuGjE7,f,41,damietta,1,0
8665805529520,Khalil Dickson,sf7NYBdc,m,45,damietta,1,0
6522444759045,Mayur Ramsay,t4HMDsXv,m,36,beheira,1,0
7713885402764,Madison Garcia,x2RevKkL,f,25,beheira,1,0
1621754976779,Teri Chen,pLGNA4ue,f,28,assiut,1,0
2365858841979,Tyson Maguire,yBrN9G8a,m,85,marsa matrouh,1,0
3673051508884,Ralphie Connolly,NKZ8tWCh,m,92,beheira,1,0
7775773325414,Rae Webster,sS5CRgYB,m,91,minya,1,0
7556851069118,Konnor Martins,nRazG6eb,m,32,assiut,1,0
4812847363655,Sofie Estrada,Y75hG6aM,f,44,minya,1,0
1357095288659,Cassia Mcneil,2v5URTsr,m,46,ismailia,1,0
7672611122623,Nella Hibbert,btRKN6aS,m,49,south sinai,1,0
7042010970895,Jamelia Powell,Zu7V6rfQ,m,51,gharbiya,1,0
1997939183930,Becky Boyd,DfyvrG4a,f,55,suez,1,0
5077643468830,Daphne Fountain,S8HZswCc,m,27,ismailia,1,0
9302875232870,Maxwell Pittman,5tEuBmdQ,f,62,minya,1,0
1152255274662,Tomos Schofield,mHWsSz6Z,f,37,kafr el sheikh,1,0
6549630772193,Aviana Alford,QMHGS3ky,m,68,giza,1,0
6050872078185,Keavy Dougherty,KgtUAbE8,f,93,ismailia,1,0
3899328612752,Arron Greer,V2zaSd6G,m,56,beheira,1,0
7331234648352,Ruairidh Mcdaniel,KThek5td,m,76,cairo,1,0
4886640658163,Yanis Savage,6TGs7HZR,m,52,gharbiya,1,0
6571989162868,Mariya Ratliff,Dr73hG4z,f,34,new valley,1,0
8073238386474,Anastazja Webber,JmAf9BvP,m,75,beheira,1,0
3516875929548,Saqlain Hodson,fyM8qkSY,f,80,kafr el sheikh,1,0
5818492606159,Khadeejah Swanson,BMPp72bK,f,70,qena,1,0
9150782337253,Lucie Lee,5peMWcAF,m,59,qalioubiya,1,0
2898350219302,Sanah Bruce,nZr32kxP,f,80,marsa matrouh,1,0
1506917734536,Jakub Langley,594eVdK8,f,83,north sinai,1,0
1559707247956,Cairo Avila,fN6q8UVG,m,40,bani suef,1,0
9639920455061,Manon Pruitt,m6ZStTUe,m,39,daqahliya,1,0
7844204611729,Jasper Blackburn,rVN2uj5e,f,72,qalioubiya,1,0
5145203662379,Allegra Stott,gpMk3dtx,f,47,fayyoum,1,0
4495901965540,Misty Brooks,qGR7p5KC,f,55,daqahliya,1,0
6821733554205,Alister Southern,a3EPRAGy,f,60,aswan,1,0
7434182729617,Abida Molloy,Ks2PpgWv,m,23,fayyoum,1,0
1727004112506,Anil Paul,jYd9vngr,m,65,daqahliya,1,0
4734963752211,Iyla Buckner,bYUa8E3s,m,69,red sea,1,0
5222597146190,Siena Dolan,9JvB7nja,m,45,cairo,1,0
5128851062886,Lemar Randolph,T5EdjsC7,f,34,damietta,1,0
9064649310550,Cordelia Sellers,gvfJSd6L,f,98,daqahliya,1,0
7449217755102,Aneurin Mahoney,qc9GbAQL,f,82,north sinai,1,0
7773934507887,Zayd Bloom,kqL5U2BT,m,40,luxor,1,0
9869693090846,Tanisha Todd,DGSKy26g,m,81,bani suef,1,0
5419385680576,Sioned Paine,fJX9NRAc,f,20,cairo,1,0
6759702667609,Olivia-Grace Plant,v6KUdPws,m,74,sohag,1,0
4234809734464,Connah Witt,g59KHayX,m,29,qena,1,0
3180834629020,Eathan Munoz,kgeKF2hr,m,93,new valley,1,1
6395089424747,Mazie Pate,g4FPGpWb,f,67,cairo,1,1
1932051233405,Christos Joseph,cH34ZN8X,f,32,fayyoum,1,1
5704159357081,Nikki Knight,zxr8A2Zd,m,37,ismailia,1,1
7231679350365,Asmaa Rodrigues,927c3AUH,m,39,minya,1,1
4398684818539,Jedd Cuevas,JeK5NnMW,m,94,qalioubiya,1,1
8134287147043,Lily-May Sears,mFGZwa98,f,30,damietta,1,1
3982862360236,Izabela Blackburn,Uejp4k96,m,62,bani suef,1,1
1216190984345,Hebe Barker,gz2FDjNr,m,68,luxor,1,1
6370732634487,Delia Yoder,24Pwh7RJ,m,65,damietta,1,1
2151909642385,Lara Arias,Yb2aqyPU,f,39,alexandria,1,1
4691521382507,Cassia Felix,T8UeGfsp,f,34,luxor,1,1
9287428673156,Saira Swan,HWCaPkV8,f,63,port said,1,1
2566143842669,Demi-Leigh Conrad,36E8VGyd,f,63,sohag,1,1
2661819654873,Jem Haney,W9FsUCwM,m,39,cairo,1,1
5649657257785,Alejandro Knowles,4T8GERcZ,m,85,north sinai,1,1
6285248942228,Layton Blanchard,pLuXsG9R,m,74,sharqiya,1,1
1885349407400,Lukasz Haines,AYgnF2ZG,m,76,port said,1,1
6693542444733,Rosanna Boyer,yah2mLCq,f,76,monofiya,1,1
9866970032294,Emre May,3hVfG7Pb,f,71,qalioubiya,1,1
8135264530177,Reece Stewart,9Q3NJf5k,m,90,marsa matrouh,1,1
7274090147624,Gillian Major,nR4WyDTq,m,86,kafr el sheikh,1,1
9260307248974,Tayler Mccann,sF2LyQMU,f,23,assiut,1,1
1800671089532,Benn Gibbs,9rQSv365,f,65,suez,1,1
2292701313302,Nikhil Hicks,5KWTzELC,m,59,minya,1,1
3469224768378,Haidar Decker,EkjGq3x8,f,26,suez,1,1
5640799744741,Aamina Li,yH62qkZA,f,54,qalioubiya,1,1
8169919843687,Kelan Shepherd,8MCN2cap,f,41,red sea,1,1
3174379591967,Acacia Sanderson,vbC6j47R,f,62,port said,1,1
4966506614805,Isabella-Rose Rollins,Cb34MawD,m,71,damietta,1,1
8666786576743,Chyna Gillespie,yB9Lz6JP,f,61,new valley,1,1
9646314422419,Shanna Long,pNVkPtz8,f,33,qalioubiya,1,1
1301004991592,Hamza Alfaro,jyk4d5uX,f,41,cairo,1,1
7507748834587,Safiyah Harper,73BthbgZ,f,89,bani suef,1,1
4592778988684,Stefania Villa,9yxsqEtm,f,22,damietta,1,1
6120054148945,Polly Riley,rC54ayZp,m,72,north sinai,1,1
5043567226348,Ebrahim Good,dKW2v3BX,f,36,minya,1,1
2125823119849,Sayed Copeland,c2YU9ekQ,m,82,daqahliya,1,1
2814942143839,Rachel Thomas,e765xguB,m,77,qena,1,1
4826948625901,Lucian Duarte,6RPLyCFY,m,47,suez,1,1
4837359561005,Hallie Petty,7LFH5Qh3,m,27,daqahliya,1,1
8177300667346,Ammaarah Harvey,wtK5dk3q,f,85,minya,1,1
2090427058809,Carl Browning,hPWBgM2G,m,35,qena,1,1
8483631932067,Kathy Lozano,DUZx9TEh,f,73,bani suef,1,1
7578727856643,Letitia Beltran,m3LYvM6g,m,69,gharbiya,1,1
2993816430453,Bobby Benson,4qeMuAvT,f,74,damietta,1,1
5055453591359,Enid Fellows,VQ7ma9Hd,m,20,marsa matrouh,1,1
6319963189386,Allen Lane,Nd57a9vU,f,74,port said,1,1
5104850748951,Axl Farrow,Mwj96YCd,f,52,gharbiya,1,1
9142264412794,Mac Huerta,nNfs8gKR,f,81,aswan,1,1
4943939467663,Caoimhe Mejia,25xsYm7V,m,19,damietta,1,1
8391832691289,Emma Amin,wq73uLrz,m,92,suez,1,1
9314580315714,Anabella Morrow,UJcG2dLn,m,52,aswan,1,1
4724866292337,Mathilde Dowling,renLS98q,m,71,giza,1,1
5987411330305,Valentina Garcia,egP3jaRB,f,23,aswan,1,1
9317693765382,Aaryan Becker,4wLz3ZMq,f,35,south sinai,1,1
6210746228466,Zofia Samuels,6Z9DACJr,m,97,minya,1,1
8651552397087,Lila Barnett,6vw2gnbF,m,41,sharqiya,1,1
8589694247769,Tallulah Olsen,3EHBAVNb,m,57,damietta,1,1
6292568589996,Rhiannon David,9pYESXW3,m,27,aswan,1,1
3452585584655,Elsie Prosser,et9ZSH3N,f,47,new valley,1,1
6167647590344,Kirstin Cardenas,8SW4jqcE,f,38,luxor,1,1
3301618576282,Ayva Sheppard,5vWVUZXM,f,63,new valley,1,1
1446834447195,Naomi Dillard,jn4TsEK9,m,26,suez,1,1
7029381910233,Shayna Dyer,Hzxu8p2V,f,65,north sinai,1,1
8311711609910,Yousif Barnard,JqbW4GBA,m,70,sohag,1,1
5742493090014,Ivor Coles,yZ64aLNK,f,80,new valley,1,1
1194496752027,Bartlomiej Rich,jcDS4bwJ,f,65,fayyoum,1,1
1880943505750,Rukhsar Moreno,6CUw3XTh,f,26,bani suef,1,1
4339483988212,Marisa Kendall,28Ln9V4h,f,83,new valley,1,1
1707890588045,Asiyah Conley,tkUCs4mE,m,50,daqahliya,1,1
6374092645764,Lilia Dodd,XuL2yQ7h,m,39,north sinai,1,1
3280414155843,Khloe Morales,27zugeNw,m,94,assiut,1,1
5649407693271,Abu Reynolds,9bTYVkXh,f,27,ismailia,1,1
7180585913170,Myron Saunders,6XAvcGn4,m,19,north sinai,1,1
8008002356329,Bessie Jarvis,2TUYfD78,f,83,kafr el sheikh,1,1
3485664205247,Reya Lynch,a7JbDTg6,m,28,new valley,1,1
1073801530174,Sharon Brookes,x9hYd8uA,f,52,red sea,1,1
6646741689666,Aya Walmsley,va7uY5rJ,m,94,port said,1,1
3204339833344,Erik Childs,bVsJu93M,f,86,aswan,1,1
6546594898857,Saanvi Hayes,gU6PBHFz,m,89,beheira,1,1
8073464362112,Abdur Peters,rNU2eCsT,m,24,ismailia,1,1
2914266406393,Jessica Ross,BqK6LnyM,m,59,daqahliya,1,1
5384097505365,Amelie Merrill,QXr4bEm8,f,56,port said,1,1
2172546781071,Kyan Hensley,85wDB9ay,f,25,suez,1,1
4720057907596,Kristy Daugherty,VN4G6Hcq,f,57,minya,1,1
8615412018714,Marek Parsons,42gRfGeC,m,77,alexandria,1,1
5223833683007,Manha Person,MmWcL3y4,m,35,qalioubiya,1,1
1165348598681,Rumaisa Nelson,maSn9zqH,m,31,minya,1,1
4166646730898,Nico Rangel,z4HjkBMJ,m,32,beheira,1,1
7409486312709,Abdurrahman John,9HUPmJQa,m,49,qalioubiya,1,1
5803157989336,Ioana Nolan,GhFAb7eq,f,23,suez,1,1
5101809264057,Edward Caldwell,HE6WDrT5,m,39,cairo,1,1
4656241057814,Emanuel Miller,stKAWFn9,m,69,damietta,1,1
7591154089821,Marshall Hawes,B5bHnZvT,m,44,marsa matrouh,1,1
2294295023842,Sallie Morton,ASpsRtT7,m,65,north sinai,1,1
5789047047042,Alistair Bernal,3WLtzvaN,f,29,ismailia,1,1
2189453328771,Cristiano Fox,GVK5XSMv,m,94,sharqiya,1,1
1611087900692,Teagan Whelan,3C2hQdsj,f,76,damietta,1,1
3987117457846,Emma-Louise Gonzalez,jdSBc3b5,m,70,qena,1,1
4825479854036,Hywel Hernandez,J7ueYjtg,f,67,south sinai,1,1
4283432449714,Greyson Lake,9QZscjFB,m,83,port said,1,1
4440719977512,Zackery Ayers,7uXxjRpf,f,21,giza,1,1
9880246779527,Taio Barlow,vPzN7jfB,m,82,sohag,1,1
9392118611994,Cari Rodriquez,YFAzT8EB,f,62,ismailia,1,1
6309552572793,Keir Peterson,XwQgD3f8,m,90,red sea,1,1
7498003718264,Zaine Shaffer,Wz2HxSCD,f,52,qalioubiya,1,1
4886827258038,Raiden East,reTuV4a7,m,95,sharqiya,1,1
8568593142880,Elli Cohen,3QdBcY8N,m,25,assiut,1,1
2362101537763,Jay-Jay Cunningham,mSPsLH4K,f,49,port said,1,1
9932421468812,Nazia Alvarez,YgsQ784W,m,89,beheira,1,1
8626855388262,Carlie Mora,wdrPk3Ly,m,35,cairo,1,1
1298799713949,Jacqueline Cordova,mC8xpw5t,m,44,new valley,1,1
6663236932509,Stanislaw Stevens,gD7HwcsU,f,26,beheira,1,1
3344919153231,Kareem Dunne,h7Kex94q,f,21,daqahliya,1,1
2302252225860,Tahmid Vance,Lm7PCUpK,f,49,daqahliya,1,1
8510895781106,Rania Warner,vjc3Ybep,f,73,ismailia,1,1
7868583664480,Lola-Mae Webber,9scqDFwU,m,49,red sea,1,1
7517491505139,Bryn Yang,E3jmJT78,f,24,south sinai,1,1
3106933835649,Geraint Short,qL9MNKu7,f,88,ismailia,1,1
3560546329365,Boris Mack,5HNxTs8Y,m,25,sohag,1,1
6753823754812,Orlando Barrett,VFwMd65j,m,56,new valley,1,1
1558808596469,Samiya Macias,GUxJ5MCX,m,95,cairo,1,1
2916880838490,Liberty Flowers,ZDYjM5E9,m,95,kafr el sheikh,1,1
3425984549214,Konnor Lott,mXnS4NFg,f,54,sharqiya,1,1
5442947570087,Serenity Cooley,cd6SE2MJ,m,87,giza,1,1
4964697562155,Keanu Pace,eR75ysHY,f,62,gharbiya,1,1
4286566979668,Uzair Cox,v7CH56Au,f,76,kafr el sheikh,1,1
3934474222525,Josie Johnston,xfakMws9,f,95,alexandria,1,1
5332726472860,Jerome Newton,7k6dqLy3,f,21,damietta,1,1
3501056375193,Eman Burgess,Xyv7Dhfa,m,25,alexandria,1,1
3050248922329,Phebe Good,Jt9f7TbS,m,19,luxor,1,1
4926298198319,Aariz Beattie,Kk3QMUax,m,93,daqahliya,1,1
2841143918777,Emily-Rose Goodman,3pcvCW45,m,51,marsa matrouh,1,1
1560492889764,Mahdi North,c8expCG5,f,62,qena,1,1
5182955018605,Melvin Lyon,9sp2Z4ge,m,82,port said,1,1
1700670080423,Levison Wynn,yHhLAg8a,m,94,giza,1,1
5602722509118,Zeynep Vu,jG5ATuvt,f,35,suez,1,1
1355236389440,Ayesha Blackmore,7VxDcLkp,m,97,minya,1,1
7484775992322,Bertie Ramirez,JnfcX9ge,f,40,marsa matrouh,1,1
8517000223850,Ria Crowther,kYPxfnX9,m,63,beheira,1,1
4927879752804,Katarina Mooney,2XLTf3VJ,m,69,minya,1,1
7459303100473,Freddie Mcguire,4Nrhaenw,f,64,aswan,1,1
4021630338459,Asim Weber,g9Y5uwcK,m,61,damietta,1,1
3144853541371,Heena Nolan,Wa9JNpdn,f,49,bani suef,1,1
8471884043574,Alara Coombes,ApqbEe4h,m,71,sharqiya,1,1
7430256955982,Isabel Draper,BQhS9zRW,f,40,luxor,1,1
8066817153788,Jensen Goff,3cPEknWV,f,35,bani suef,1,1
1668964837359,Paris Beaumont,Z97hSJnu,m,37,luxor,1,1
9698959566140,Faith Francis,3mpJ7g2h,f,71,north sinai,1,1
5794053765715,Osama Marin,kpdSK7BG,m,83,marsa matrouh,1,1
3947526711101,Cormac Guzman,kbZR6KTG,m,77,new valley,1,1
9101303074935,Jiya Odling,kuqx8dhF,f,19,marsa matrouh,1,1
3481908312276,Eamonn Kramer,znwtYB8x,f,46,monofiya,1,1
4988132376440,Arooj Marshall,352tGSvH,m,48,sharqiya,1,1
4799411478561,Bartosz Barnett,BD8jzSEF,m,75,giza,1,1
3476133785397,Pierce Gomez,KV7v4sR9,m,30,beheira,1,1
8334799632432,Steffan Burris,Tg2kPh4L,m,60,aswan,1,1
5867445214750,Abbi Noel,Tg427xEe,f,77,cairo,1,1
1460593979382,Tobey Kemp,M8h6vbdy,m,95,gharbiya,1,1
8646926563217,Cody Bray,9EDc47Lu,m,18,port said,1,1
5174782069875,Cydney Holding,AX9fFtPd,f,28,assiut,1,1
4005248726857,Korey Keller,dvcDzCB8,f,76,sharqiya,1,1
6828485112736,Shannan Turnbull,c4HkTbLR,f,49,cairo,1,1
2855156235891,Ophelia Lancaster,5Amcv9uQ,f,67,suez,1,1
2458562474796,Ivan Clifford,y4bfZNhs,m,18,north sinai,1,1
2032851060025,Martyna Ross,LRVc83us,m,38,suez,1,1
8246655070598,Brittney Woodley,k5xH2FYE,m,24,bani suef,1,1
6363458042576,Arnie Archer,gtsvNQW3,m,45,port said,1,1
3356514430058,Kimberley Alcock,qWV7atu4,m,64,red sea,1,1
3794060971636,Chace Long,acUy3xZN,f,51,minya,1,1
9974688065439,Amiyah Randolph,5ag9AMpt,m,23,alexandria,1,1
6941163956122,Katie Pruitt,q2X7TPmh,m,32,suez,1,1
3216351432197,Adeeb Poole,zYhks29d,m,77,daqahliya,1,1
8465520200914,Amaan Rojas,KepqBx5d,f,91,sharqiya,1,1
1511587990517,Jesse Bourne,5xsyFDA3,f,84,luxor,1,1
8262614839429,Hibba Daly,4Q65t2nH,m,34,aswan,1,1
9027269144938,Winifred Powers,4PgJwjHr,f,43,giza,1,1
5471478826618,Madihah Gill,H9uA5rwY,f,44,monofiya,1,1
1268618296261,Neal Cortes,f4qKGCTp,f,78,new valley,1,1
8804403982710,Dylan Parra,MQcUsZ2N,m,82,gharbiya,1,1
2490077273606,Mitchel Felix,JRLny6EC,m,74,suez,1,1
1835490833106,Alanah Campos,9gZn578k,f,24,alexandria,1,1
5648394846150,Velma Simmonds,ZnxpcEq4,m,64,red sea,1,1
7692647097489,Walter Hendricks,dJ4xEPB3,m,97,fayyoum,1,1
8864846195025,Ines Howe,AJtMS4HW,m,34,beheira,1,1
9854056429415,Jolene Anthony,54tCqFT2,f,22,giza,1,1
8003754931356,Dean Snyder,pKEPUyJ9,f,78,red sea,1,1
5538603666760,Olive Simpson,eEzwhW5X,m,85,bani suef,1,1
3374795813678,Aysha Frank,smeR4kNQ,m,91,sharqiya,1,1
7546046698169,Suraj Sullivan,3qeMQhPp,f,61,alexandria,1,1
5654140710382,Uwais Forster,vanuT5f3,m,40,aswan,1,1
1199459336527,Darci Foreman,M5cTXV4b,m,31,kafr el sheikh,1,1
4840906026002,Jeff Duffy,6X9UkmAz,f,83,giza,1,1
1590297662282,Kyan Novak,Dc7QGTEZ,m,32,south sinai,1,1
3696405147708,Qasim Wall,tHNF7Tzk,m,94,north sinai,1,1
9553032163333,Ayda Johns,D8vJKQMj,f,78,minya,1,1
9192338899046,Reece Cano,aLmXsFw9,m,62,kafr el sheikh,0,0
2783140373534,Lily-Anne Castaneda,UZKWPwx2,f,47,qalioubiya,0,0
1191298265205,Willem Day,9pYFXsRD,f,40,giza,0,0
3984467381365,Habibah Snyder,4mWCDKFE,m,86,minya,0,0
5456833824794,Viaan Rodgers,Nm29vCy8,m,18,alexandria,0,0
8207419645927,Sianna Brennan,b4kCNsXc,f,90,kafr el sheikh,0,0
9885788592728,Clare Franco,uywJZD7k,m,63,sharqiya,0,0
5055180909184,Jill Mccartney,B8hL3DV2,f,19,marsa matrouh,0,0
4949689455077,Rubie Tanner,ArKGM3fE,f,56,red sea,0,0
4923535864012,Zayyan Gross,vKZNCVx8,m,24,assiut,0,0
9413296557163,Sidrah Barr,5hx3eJ68,m,93,qalioubiya,0,0
5004869703458,Nazia Hogg,eKDp4BUP,m,96,beheira,0,0
1390257744094,Rufus Green,jtbvQyV8,f,69,sharqiya,0,0
2027048109427,Mia-Rose Rodriguez,F2Chdw5N,f,77,assiut,0,0
5232274793475,Kanye Tang,QuzeTf3Z,m,25,port said,0,0
7086474357713,Eliza Clemons,zDhcAn6Y,m,32,kafr el sheikh,0,0
4343711405606,Terry Harmon,PW52qTnH,m,36,qena,0,0
6263315845182,Conan Handley,kg4mH8uC,m,51,cairo,0,0
5787301449028,Glenn Russo,kg5RDQq9,f,90,red sea,0,0
5924639138103,Casper Prince,jJ46cbKf,f,88,beheira,0,0
3788754235918,Devin Lacey,KEwnzq2A,m,61,port said,0,0
7652626396415,Vivien Findlay,U5vd4B3u,f,31,luxor,0,0
8082535400932,Maude Petersen,cgP6D9wk,m,59,bani suef,0,0
1725121603409,Salahuddin Rosa,ymrv7t5C,m,51,sharqiya,0,0
4702634293374,Thalia Byrd,UYnBgXD3,f,85,marsa matrouh,0,0
8322163578031,Lorcan Chadwick,6dP8E5TV,f,77,qalioubiya,0,0
2257884983414,Ayyan Choi,vDAXPeN5,m,20,beheira,0,0
4640733607176,Shanay Davies,g8BE7nJK,f,84,minya,0,0
1899290196245,Deanna Bowers,Jy9a345d,f,91,marsa matrouh,0,0
5614127858449,Dale Harper,u6GCmJpz,m,29,gharbiya,0,0
6778188159452,Darragh Barajas,YZSA9gCX,m,29,suez,0,0
3966369288004,Elliott Foley,Q7dbgUs2,m,21,beheira,0,0
3737804302399,Lennie Cantrell,UJ8vfH4k,m,92,beheira,0,0
9733797585846,Stuart Macfarlane,LmXs9dhC,m,56,beheira,0,0
3485270817964,Lucien Clegg,8SGVErJj,f,59,sharqiya,0,0
1222079562948,Faiz Wilkes,Kf94yjLx,f,65,bani suef,0,0
9642191095272,Kyla Medrano,yb8cLpu7,m,69,sharqiya,0,0
3493807547612,Aaryan Buxton,ce2CQS7h,f,77,assiut,0,0
7594479861437,Emrys Mckinney,4QaNHCXn,m,36,beheira,0,0
3037748411219,Keaton Allen,Ancx8fF6,m,52,north sinai,0,0
8462846314228,Anna Callaghan,j2QwbGPy,m,70,bani suef,0,0
5833863291685,Nadine O'Neill,5LYmQXgr,m,25,fayyoum,0,0
2988474632722,Marni Smart,rFZ3Ehf7,f,43,qalioubiya,0,0
2741489801044,Xavier Daugherty,3nmB8Qqc,f,46,suez,0,0
5373721944488,Masuma Reyes,tp5sre8P,f,22,damietta,0,0
6973517480819,Mali Neal,hPzkC8FX,f,64,kafr el sheikh,0,0
1139612403558,Raife Clark,Htpy2bVh,f,18,south sinai,0,0
4481325084108,Trixie Fuller,3GJMhHA5,f,86,qena,0,0
9217983262440,Braxton Chaney,NRZ8fxtA,f,87,monofiya,0,0
5182274952729,Eshaan Barron,8kAr93v5,m,73,marsa matrouh,0,0
4220707951595,Cody Huff,EFPcC9G8,m,29,red sea,0,0
6344025236986,Kaiser Moreno,aums4E73,f,67,bani suef,0,0
7818592901100,Agatha Ware,7JahyELn,m,69,aswan,0,0
5165934496800,Abubakr Ford,8FLtTQ43,m,78,north sinai,0,0
4922421228215,Antoine Forster,KXNr4pGT,m,92,qena,0,0
5546523745572,Layton Armstrong,Yv7pAZxg,m,89,kafr el sheikh,0,0
2926844669318,Kira Hardy,wPFUH8rW,m,64,sohag,0,0
5743141594356,Khalil Dickson,EjS54yUd,m,42,cairo,0,0
5346230915000,Mayur Ramsay,Ps5v8djJ,m,40,south sinai,0,0
8008967636364,Madison Garcia,Hj9eAGgf,m,78,alexandria,0,0
4654086824738,Teri Chen,NP4pMK7a,m,71,damietta,0,0
1382923212580,Tyson Maguire,hD5SF8tr,f,93,assiut,0,0
2034727567355,Ralphie Connolly,gEQK6JGD,f,91,marsa matrouh,0,0
2465740777434,Rae Webster,ywjSb3WM,f,98,south sinai,0,0
7350585841517,Konnor Martins,W4vF8KfS,f,61,north sinai,0,0
1834739869202,Sofie Estrada,AuptXJ3m,f,63,marsa matrouh,0,0
2609238606836,Cassia Mcneil,g4Tzt2SM,m,54,marsa matrouh,0,0
5665624590444,Nella Hibbert,sSfA4yJv,f,90,qena,0,0
1914911942783,Jamelia Powell,uXPK67mn,f,89,gharbiya,0,0
2138590560781,Becky Boyd,TKSVu9yc,m,92,beheira,0,0
5470489728073,Daphne Fountain,L82rfC3n,m,82,beheira,0,0
6342297142326,Maxwell Pittman,6uRHBY8A,f,81,south sinai,0,0
3593256271176,Tomos Schofield,wy2cFPEm,m,50,assiut,0,0
8053810504994,Aviana Alford,ZrbfCny4,f,52,aswan,0,0
5737158240320,Keavy Dougherty,S2kBZqTu,f,54,bani suef,0,0
8933784781966,Arron Greer,hs93M2zV,f,76,giza,0,0
3388191421620,Ruairidh Mcdaniel,KP7buqVw,f,40,red sea,0,0
6751400833994,Yanis Savage,kyKrHD8a,f,39,minya,0,0
1769522766426,Mariya Ratliff,jAMfqYT8,f,95,sharqiya,0,0
1128294190041,Anastazja Webber,CknUH8ZA,m,73,fayyoum,0,0
7193042906491,Saqlain Hodson,m4TP3LWy,f,70,giza,0,0
7637757534118,Khadeejah Swanson,NTWm4dSx,m,66,assiut,0,0
1446479126375,Lucie Lee,R4bAD8y2,m,55,aswan,0,0
4489209339403,Sanah Bruce,NyabAh8t,f,38,giza,0,0
5979683086837,Jakub Langley,8dEgDJKB,m,61,alexandria,0,0
1838474788881,Cairo Avila,YC6Gaetn,m,41,sohag,0,0
6060779411640,Manon Pruitt,BxYerk2a,m,79,luxor,0,0
2283602300413,Jasper Blackburn,dbt3myPC,m,57,luxor,0,0
6310536752142,Allegra Stott,BvPNwD2n,f,51,new valley,0,0
8135467353579,Misty Brooks,Una7VduX,m,52,qena,0,0
9070774752466,Alister Southern,6ESwZnkt,m,88,red sea,0,0
9976504019252,Abida Molloy,5Hq3zYkX,f,19,qena,0,0
4336185187331,Anil Paul,he6WwNt9,m,33,kafr el sheikh,0,0
1974308462747,Iyla Buckner,XuyYpx8z,m,48,beheira,0,0
9011282916340,Siena Dolan,2G6LmfHY,f,36,qena,0,0
2095437594267,Lemar Randolph,bX2QBgDh,f,86,bani suef,0,0
3637204005502,Cordelia Sellers,ta58JsP4,f,55,luxor,0,0
4298378217791,Aneurin Mahoney,64wyvCUj,m,90,port said,0,0
2558966662626,Zayd Bloom,C3w9hpQK,f,68,monofiya,0,0
9285864727531,Tanisha Todd,sRh98nTG,m,79,qalioubiya,0,0
1769567252064,Sioned Paine,BHY9ALcr,f,61,cairo,0,0
5636415115616,Olivia-Grace Plant,4rPdXjvN,f,84,monofiya,0,0
1072410773492,Connah Witt,naVCWqe5,f,35,fayyoum,0,0
4361317952793,Eathan Munoz,zVr4CKwT,m,54,minya,0,0
3375176899666,Mazie Pate,C2yXJRwU,f,25,bani suef,0,0
1725768715390,Christos Joseph,p8Ceh4vK,m,82,gharbiya,0,0
7144484403613,Nikki Knight,aPmDe4tc,m,31,aswan,0,0
2771278807532,Asmaa Rodrigues,juCnYS7d,f,68,beheira,0,0
7206670800832,Jedd Cuevas,WPNbqkm7,f,45,kafr el sheikh,0,0
9102499749488,Lily-May Sears,4vCJqVm5,f,91,sharqiya,0,0
4713991117085,Izabela Blackburn,86Msd9hN,f,68,north sinai,0,0
4812148807225,Hebe Barker,ZF2bAguv,f,96,assiut,0,0
5772815283379,Delia Yoder,f9JZ7WcE,f,30,qena,0,0
2358266337868,Lara Arias,XyZCRq6m,f,30,port said,0,0
5466111080220,Cassia Felix,vb7zWmMu,f,25,south sinai,0,0
8163400039556,Saira Swan,eLrMck5g,m,80,sohag,0,0
3952707762579,Demi-Leigh Conrad,Qh6raLHq,f,64,assiut,0,0
7386957570005,Jem Haney,B6HV3rAv,f,96,bani suef,0,0
4545868713890,Alejandro Knowles,sW7gUhZK,f,67,marsa matrouh,0,0
9372171563334,Layton Blanchard,ALgVjcE2,f,22,sharqiya,0,0
9970639098579,Lukasz Haines,ZtA7R6Uw,m,37,sohag,0,0
7205910240237,Rosanna Boyer,LvgpMBR5,f,93,minya,0,0
2365366976151,Emre May,Hy6vzsXT,m,18,ismailia,0,0
4563998559654,Reece Stewart,Y27MwZRc,f,19,minya,0,0
2848509381634,Gillian Major,3BfsuQpv,f,37,aswan,0,0
7821573011578,Tayler Mccann,f3arTQRz,m,28,new valley,0,0
1392480773106,Benn Gibbs,NY6tWKG9,f,50,north sinai,0,0
6265750187011,Nikhil Hicks,m87zdCqU,f,42,south sinai,0,0
7547366143830,Haidar Decker,gk5KTe9S,m,70,bani suef,0,0
9830203452614,Aamina Li,23fRcQZE,f,33,alexandria,0,0
8385787241205,Kelan Shepherd,2d9ZD6Ec,m,47,luxor,0,0
8404337325308,Acacia Sanderson,9RLgyXYG,f,87,kafr el sheikh,0,0
7674516170868,Isabella-Rose Rollins,462svLNF,m,40,daqahliya,0,0
4556574830511,Chyna Gillespie,MRHmds9g,m,93,north sinai,0,0
9486713511270,Shanna Long,tHkYA6he,m,20,bani suef,0,0
7544054512889,Hamza Alfaro,MubvZ9AT,f,88,assiut,0,0
2413902167822,Safiyah Harper,3JZL4EWz,m,48,marsa matrouh,0,0
7681262788602,Stefania Villa,uPrV8L7N,m,35,alexandria,0,0
8835563166492,Polly Riley,JSwkG4N7,f,35,gharbiya,0,0
5406389958717,Ebrahim Good,G6ZKHskx,f,93,sharqiya,0,0
3282505311398,Sayed Copeland,2AUhgNRE,f,93,sohag,0,0
5457580057905,Rachel Thomas,faKH63Sy,f,76,south sinai,0,0
1418029155322,Lucian Duarte,5RBjdnSu,m,34,kafr el sheikh,0,0
5226881746433,Hallie Petty,ZQpTWvk8,f,98,qalioubiya,0,0
8895588645721,Ammaarah Harvey,HBJt23bx,m,38,cairo,0,0
7369729597999,Carl Browning,tAC9xuMa,f,78,north sinai,0,0
9768048522433,Kathy Lozano,dxj2KD3t,m,77,assiut,0,0
1940182442617,Letitia Beltran,AHruF3Ka,m,58,kafr el sheikh,0,0
5476748550193,Bobby Benson,YQwTX3qg,f,96,new valley,0,0
3039013629131,Enid Fellows,apwfvqF6,m,39,cairo,0,0
6286803552284,Allen Lane,HktbaYs4,m,27,ismailia,0,0
4744665909065,Axl Farrow,dTysn2ka,f,19,qena,0,0
5686721299180,Mac Huerta,VHLQM9qv,m,74,fayyoum,0,0
3517519651703,Caoimhe Mejia,3ceQEMjP,m,38,beheira,0,0
8237383124373,Emma Amin,mU28PjZ9,m,38,suez,0,0
1797728150797,Anabella Morrow,5ue7LpWt,m,44,fayyoum,0,0
3602862683072,Mathilde Dowling,hkXtYH7y,m,50,north sinai,0,0
5513459179917,Valentina Garcia,Yn3EmezJ,m,76,cairo,0,0
6501813319776,Aaryan Becker,H6y7czF9,m,87,luxor,0,0
5910615031838,Zofia Samuels,c7AQXPFy,f,83,sharqiya,0,0
5861902347580,Lila Barnett,9M72fTzq,m,97,luxor,0,0
4377186306369,Tallulah Olsen,u9ESZD78,m,88,damietta,0,0
6513936390911,Rhiannon David,z9dCD2eA,m,68,cairo,0,0
9322333786883,Elsie Prosser,zpyAmK3B,m,19,kafr el sheikh,0,0
9979511440679,Kirstin Cardenas,CkLV59FS,m,18,aswan,0,0
3263038533675,Ayva Sheppard,6mLRfUMs,m,67,daqahliya,0,0
6833191038080,Naomi Dillard,TFc8kuLA,f,86,marsa matrouh,0,0
3488815609257,Shayna Dyer,NE5XchgC,m,64,assiut,0,0
3110829397735,Yousif Barnard,XGdc6uvZ,f,56,marsa matrouh,0,0
3449879933628,Ivor Coles,madgtP6r,m,35,red sea,0,0
3069865037539,Bartlomiej Rich,v6mQ8Xyz,f,65,aswan,0,0
3152909976324,Rukhsar Moreno,3nhMH7wL,m,34,qena,0,0
1571386469649,Marisa Kendall,jhA7dXqD,f,93,north sinai,0,0
4183327407972,Asiyah Conley,gXARJP5r,m,72,luxor,0,0
2203241885338,Lilia Dodd,V58ysKmW,f,54,sohag,0,0
9163721706701,Khloe Morales,C5RuzSfF,f,85,qalioubiya,0,0
7126233445925,Abu Reynolds,g4ZFtsSw,f,48,monofiya,0,0
2846491996900,Myron Saunders,dKLJfQX8,f,59,luxor,0,0
1767192658737,Bessie Jarvis,PgaC8BHf,f,47,qena,0,0
8167044598028,Reya Lynch,xaH7Jcbp,m,23,minya,0,0
4855774582405,Sharon Brookes,NYS3equ4,m,97,giza,0,0
2042396353022,Aya Walmsley,GsE7xpdR,m,35,monofiya,0,0
7154402187221,Erik Childs,jL9HuJsB,m,29,minya,0,0
4246130473348,Saanvi Hayes,RYJmD8wU,f,42,minya,0,0
3378301387140,Abdur Peters,DtvA6RaM,f,24,daqahliya,0,0
4413938796595,Jessica Ross,yE64TLJe,m,24,suez,0,0
5034171726574,Amelie Merrill,LPNjwcg8,m,66,cairo,0,0
8530284207977,Kyan Hensley,7Uapfjhb,f,22,port said,0,0
5380057878815,Kristy Daugherty,vY5fGK73,m,78,red sea,0,0
2365714601213,Marek Parsons,5wbxFAWZ,m,64,alexandria,0,0
4403930739451,Manha Person,cYes4rBR,m,60,red sea,0,0
2740457319205,Rumaisa Nelson,jn9MS7u5,f,88,beheira,0,0
6490837469537,Nico Rangel,RYLqd8Vv,m,87,cairo,0,0
5306448196962,Abdurrahman John,cPvKAFu3,f,58,bani suef,0,0
9621218519394,Ioana Nolan,KF2DLJp9,f,66,minya,0,0
7548498627517,Edward Caldwell,eB5YySHR,f,97,monofiya,0,0
5815580355501,Emanuel Miller,cBZLN4GF,f,28,bani suef,0,0
2355598257703,Marshall Hawes,y6YZR5pG,f,33,north sinai,0,0
6666987297232,Sallie Morton,yHQx7Rvp,f,49,north sinai,0,0
4356832901342,Alistair Bernal,8LhMQkX9,m,74,bani suef,0,0
7644467692799,Cristiano Fox,4jzQmwvP,f,80,qalioubiya,0,0
7881887814004,Teagan Whelan,zL4SnpmQ,m,66,suez,0,0
1097561229963,Emma-Louise Gonzalez,LBE9egSX,f,98,sohag,0,0
1902284861830,Hywel Hernandez,5QKarBZv,f,58,daqahliya,0,0
3651814005143,Greyson Lake,78EdmPf4,m,86,cairo,0,0
4226233006425,Zackery Ayers,xw3ZDcg6,f,31,monofiya,0,0
3356575828819,Taio Barlow,GaMy5ZWj,f,80,giza,0,0
8132210051670,Cari Rodriquez,9vMXUJzZ,m,82,kafr el sheikh,0,0
6129978373271,Keir Peterson,Vj34qsrz,f,87,bani suef,0,0
7097242501531,Zaine Shaffer,4vWLt7dG,f,52,marsa matrouh,0,0
9254672724848,Raiden East,zfT8YpSh,m,57,port said,0,0
9382777670482,Elli Cohen,47hVdWsn,f,69,cairo,0,0
5777445104257,Jay-Jay Cunningham,va98rVxL,f,62,cairo,0,0
7198071787854,Nazia Alvarez,tKkrpy8s,f,81,suez,0,0
1090263197648,Carlie Mora,BqrL9A3T,m,83,sohag,0,0
5557325230611,Jacqueline Cordova,8SU4C6nG,m,45,luxor,0,0
3469731203441,Stanislaw Stevens,hTW2XGwH,m,59,marsa matrouh,0,0
3496697761665,Kareem Dunne,xCkh4Z8P,f,98,fayyoum,0,0
9083184641210,Tahmid Vance,KCgbH5Ue,m,29,minya,0,0
5379145159659,Rania Warner,xmPpeQL8,m,42,marsa matrouh,0,0
9064535043315,Lola-Mae Webber,gj9LQJ5f,f,47,new valley,0,0
5057534771764,Bryn Yang,rjs3Hxnc,f,51,fayyoum,0,0
4009810994396,Geraint Short,5zLm8XYg,f,40,ismailia,0,0
6343856922823,Boris Mack,ZPGc4aXH,m,57,monofiya,0,0
3679208800889,Orlando Barrett,mB7kMvcG,m,60,assiut,0,0
1922102179824,Samiya Macias,esdS5H96,m,59,north sinai,0,0
3759382537622,Liberty Flowers,AWa324vk,f,32,new valley,0,0
9479331558567,Konnor Lott,hKq4LjCu,m,46,qena,0,0
2907666921177,Serenity Cooley,ewyGC6cS,f,86,qalioubiya,0,0
9389075693430,Keanu Pace,eQX3AHs7,m,22,north sinai,0,0
8770275208990,Uzair Cox,QA5LknTy,f,96,daqahliya,0,0
7175429664713,Josie Johnston,w6Yh395B,m,27,suez,0,0
5223642489139,Jerome Newton,DX4QwGF7,m,25,sohag,0,0
9868291645654,Eman Burgess,p8CKYHku,m,87,assiut,0,0
8966412456533,Phebe Good,SN3jQW4a,m,96,ismailia,0,0
7292001265359,Aariz Beattie,XH2ag8TM,m,73,kafr el sheikh,0,0
5780785188390,Emily-Rose Goodman,7P46My2s,m,82,sohag,0,0
2999266877018,Mahdi North,Myd2Eqgv,m,52,cairo,0,0
2825149674480,Melvin Lyon,n9jaQEGZ,m,68,beheira,0,0
8110366479852,Levison Wynn,f2qXPZYr,m,52,daqahliya,0,0
4715522113353,Zeynep Vu,AHUW3aBn,m,76,kafr el sheikh,0,0
6932068707488,Ayesha Blackmore,4fTE8yNB,f,28,luxor,0,0
9069796293960,Bertie Ramirez,3sz9Y7Ek,f,75,south sinai,0,0
9854344616947,Ria Crowther,WKat2pNH,m,63,south sinai,0,0
1511599113281,Katarina Mooney,6P7N9p58,m,88,north sinai,0,0
5814972390054,Freddie Mcguire,Pp68jDg9,m,85,assiut,0,0
3815934081796,Asim Weber,9szqwLT8,f,81,daqahliya,0,0
1498920813829,Heena Nolan,T7qjH8Nu,m,46,port said,0,0
9402654453522,Alara Coombes,837VyCWf,m,37,sharqiya,0,0
5665392185292,Isabel Draper,B2nTrt3Y,m,19,beheira,0,0
4887336630155,Jensen Goff,BEMk8Ktv,m,86,sohag,0,0
1199398135204,Paris Beaumont,ZG8JykBb,m,66,alexandria,0,0
4915836206678,Faith Francis,f2eCAwt5,f,99,fayyoum,0,0
8584912159155,Osama Marin,eMqYJ6Kk,m,25,ismailia,0,0
1024979270988,Cormac Guzman,QYBr6qXE,m,94,north sinai,0,0
3391344536869,Jiya Odling,6p7qtTvZ,f,40,marsa matrouh,0,0
5905411442612,Eamonn Kramer,TG8JNCVu,f,36,qena,0,0
8147466252114,Arooj Marshall,Cr5kp9fS,m,95,sharqiya,0,0
7976316451666,Bartosz Barnett,3KtsPCp9,f,78,giza,0,0
6473577041992,Pierce Gomez,N4ZaCPyU,m,25,kafr el sheikh,0,0
1380683505237,Steffan Burris,TZumKac5,f,19,minya,0,0
3039561774174,Abbi Noel,vWdDhQV7,f,96,bani suef,0,0
3973604087661,Tobey Kemp,XxcDzt7V,f,64,kafr el sheikh,0,0
1687813249337,Cody Bray,7xwpF4Un,m,92,ismailia,0,0
2133453826783,Cydney Holding,va7CNMZs,f,84,ismailia,0,0
6300621010914,Korey Keller,EZqN8nrB,f,86,aswan,0,0
3450520507096,Shannan Turnbull,A9azSRqk,m,25,gharbiya,0,0
1534336753536,Ophelia Lancaster,C5gVrG6h,f,85,qalioubiya,0,0
3342332470210,Ivan Clifford,C7AXdM5s,m,97,qena,0,0
4525024040754,Martyna Ross,q7LypKQc,f,19,kafr el sheikh,0,0
5751609378013,Brittney Woodley,Nrywux9E,f,39,damietta,0,0
9965092668991,Arnie Archer,RBC3H82m,f,39,marsa matrouh,0,0
6475344274837,Kimberley Alcock,N7aD34J5,f,57,ismailia,0,0
9170355606712,Chace Long,CG32HyEf,m,77,marsa matrouh,0,0
5410207229911,Amiyah Randolph,D8QZu3G5,f,40,ismailia,0,0
6059469849983,Katie Pruitt,5btWPLUf,m,79,qena,0,0
6526828906002,Adeeb Poole,cfnv5R6J,f,89,suez,0,0
3875425952457,Amaan Rojas,aWSgu3fN,f,56,fayyoum,0,0
9703813185898,Jesse Bourne,2JRK47nG,f,43,damietta,0,0
8765674249797,Hibba Daly,3sjD64X5,m,82,gharbiya,0,0
8697872373029,Winifred Powers,esPXtEQ8,f,85,bani suef,0,0
3354361017059,Madihah Gill,QNKx2mYM,m,64,beheira,0,0
2111968697685,Neal Cortes,u3jeZTS9,m,68,aswan,0,0
6565723000301,Dylan Parra,caVv6NUA,m,40,gharbiya,0,0
6238882487139,Mitchel Felix,KYN4v2ha,m,75,sohag,0,0
2263815791397,Alanah Campos,eX74NrDA,m,42,assiut,0,0
1487334752480,Velma Simmonds,s6SVdRgY,m,98,alexandria,0,0
6573881827975,Walter Hendricks,yz2Cd3Uf,m,25,daqahliya,0,0
9554635302260,Ines Howe,pGTUES3A,f,26,assiut,0,0
8874544597200,Jolene Anthony,GNnub9Hv,m,94,qena,0,0
9981391339996,Dean Snyder,QGP3Uvca,f,78,port said,0,0
1945117220652,Olive Simpson,9tjPcD5W,f,68,damietta,0,0
1924522233001,Aysha Frank,L9BTbhRX,f,71,beheira,0,0
1025733589102,Suraj Sullivan,mVpx8g9u,f,20,new valley,0,0
4274345023200,Uwais Forster,Swnf5d6H,m,49,monofiya,0,0
8851180589674,Darci Foreman,t7Ydbwz5,m,87,qena,0,0
5828969362838,Jeff Duffy,LM6CxcBr,f,40,monofiya,0,0
8316469903726,Kyan Novak,vtwd7yT9,f,47,bani suef,0,0
6619285013545,Qasim Wall,ghskQT6j,f,72,port said,0,0
8528450933487,Ayda Johns,r5VeYpJt,f,69,assiut,0,0
2257624377699,Reece Cano,97kvu4UP,m,81,sohag,0,0
4736904031282,Lily-Anne Castaneda,k8DbLMRr,f,65,south sinai,0,0
6611069973252,Willem Day,XgcSHL3P,f,71,port said,0,0
8723123086889,Habibah Snyder,XAvDLTV5,m,31,qalioubiya,0,0
2495008548762,Viaan Rodgers,Q3eJZM5L,f,34,beheira,0,0
8368282161650,Sianna Brennan,8Y73cTwg,f,48,minya,0,0
6765781891869,Clare Franco,CMbtg2Jz,f,70,north sinai,0,0
9885255558200,Jill Mccartney,DWtQE42Z,f,65,new valley,0,0
9992692688839,Rubie Tanner,yVbN7aTX,f,45,daqahliya,0,0
3689989162263,Zayyan Gross,z3YBFJ2C,m,47,south sinai,0,0
3263454508123,Sidrah Barr,Lv5tRDNw,f,89,suez,0,0
4780374620453,Nazia Hogg,L3fUX9RM,m,40,cairo,0,0
9258486612344,Rufus Green,2MQmghZL,m,79,red sea,0,0
6096775712258,Mia-Rose Rodriguez,uKhZ7eFE,m,82,cairo,0,0
1832957319144,Kanye Tang,Wxzt4cBN,m,26,suez,0,0
8573466233463,Eliza Clemons,L2D5jZJs,f,39,kafr el sheikh,0,0
4174411094628,Terry Harmon,z7a3tSGV,m,93,cairo,0,0
7068651331504,Conan Handley,dW48AQt3,f,32,beheira,0,0
9636994209044,Glenn Russo,S4udktbn,m,42,assiut,0,0
1734292390231,Casper Prince,4yQgVjxN,m,65,marsa matrouh,0,0
6234499028962,Devin Lacey,9FbJ3mRW,f,30,red sea,0,0
5296947132280,Vivien Findlay,qaGfJg8t,m,72,monofiya,0,0
2582525247292,Maude Petersen,Rga5Ukjt,f,89,marsa matrouh,0,0
1609953965747,Salahuddin Rosa,MpPfbj6Y,f,69,gharbiya,0,0
1819944823964,Thalia Byrd,7BYudbQX,f,50,qalioubiya,0,0
9194050220219,Lorcan Chadwick,8B7PvZJF,f,81,monofiya,0,0
1316449122310,Ayyan Choi,P7rxWy3J,m,37,suez,0,0
9448064230348,Shanay Davies,eK4wqH2s,m,45,assiut,0,0
8372511392445,Deanna Bowers,nwEybL4m,m,33,monofiya,0,0
3911331387400,Dale Harper,sYNT5H38,f,37,marsa matrouh,0,0
3267695928266,Darragh Barajas,SNYGrTJ4,m,25,north sinai,0,0
1521471152063,Elliott Foley,yT46jnkh,m,72,ismailia,0,0
3476961507619,Lennie Cantrell,5ghDfCjL,f,31,cairo,0,0
2567263168077,Stuart Macfarlane,jv6MXGAd,f,85,monofiya,0,0
7836050167007,Lucien Clegg,bs35zxSa,m,72,kafr el sheikh,0,0
5526246818288,Faiz Wilkes,sqB5hDkr,f,59,assiut,0,0
4254051545448,Kyla Medrano,PaYMeD39,m,72,aswan,0,0
3064014621759,Aaryan Buxton,R2UWCDjG,m,57,port said,0,0
8353195529441,Emrys Mckinney,EyaCe2Bh,f,38,cairo,0,0
7727777381255,Keaton Allen,NdbwL6Xr,f,21,sohag,0,0
3533640231684,Anna Callaghan,Gy7v39qu,m,76,giza,0,0
8920562052789,Nadine O'Neill,5mwA9E8C,m,23,beheira,0,0
4589529964712,Marni Smart,ve9yYSPK,f,67,red sea,0,0
6259906074415,Xavier Daugherty,fkK6s9Uh,m,68,north sinai,0,0
7516486041722,Masuma Reyes,FzAZYvP2,m,80,luxor,0,0
5298600360402,Mali Neal,9gJhUKVZ,f,52,marsa matrouh,0,0
2087864543377,Raife Clark,mSjzqs5V,m,78,suez,0,0
2950226545778,Trixie Fuller,4wHfWB2C,f,52,cairo,0,0
2562276246402,Braxton Chaney,2nMUqg7W,f,54,luxor,0,0
8064739018058,Eshaan Barron,sY2hFBqP,m,76,minya,0,0
8944151879198,Cody Huff,yJnw2XBK,f,68,north sinai,0,0
2293177318911,Kaiser Moreno,jfu8vrRE,f,24,assiut,0,0
8745377752561,Agatha Ware,Bqt3ALdz,f,39,gharbiya,0,0
1950301198769,Abubakr Ford,m3Bh7sPx,m,69,qena,0,0
6281892650519,Antoine Forster,Dm4RaczE,f,67,new valley,0,0
5486600752233,Layton Armstrong,j6RYcUfy,m,30,alexandria,0,0
6442088617019,Kira Hardy,JeQc4NZr,m,39,cairo,0,0
8002721775809,Khalil Dickson,s2pRu8Tz,f,32,bani suef,0,0
6857626074114,Mayur Ramsay,VTuK56QR,m,29,luxor,0,0
5721432456393,Madison Garcia,b5E3B42f,m,77,marsa matrouh,0,0
1975880356007,Teri Chen,JEgGfe2v,m,23,sohag,0,0
6456537939166,Tyson Maguire,8TgQUBtW,m,83,marsa matrouh,0,0
5171064380222,Ralphie Connolly,wnVEp9qJ,f,24,port said,0,0
2713914065054,Rae Webster,7xMVWJQ5,m,83,aswan,0,0
2919259518762,Konnor Martins,zUs5PBKq,f,73,fayyoum,0,0
2350111211888,Sofie Estrada,4tnY5udN,f,37,marsa matrouh,0,0
7185561084717,Cassia Mcneil,uRgxK89e,f,72,sohag,0,0
7650531504290,Nella Hibbert,XfxDuVj2,m,97,assiut,0,0
6583785264008,Jamelia Powell,bekcDYG4,m,98,north sinai,0,0
9140932448928,Becky Boyd,hP2g6nKG,m,73,north sinai,0,0
4951252215212,Daphne Fountain,Ap6hmUDb,f,70,sohag,0,0
2173002407222,Maxwell Pittman,RKZ7eNbE,f,72,luxor,0,0
1602510271025,Tomos Schofield,qyHu9KAJ,f,96,assiut,0,0
3990443084399,Aviana Alford,97wEH3DF,m,29,aswan,0,0
9052619988187,Keavy Dougherty,59Jk6Pqv,f,75,kafr el sheikh,0,0
7519312798472,Arron Greer,H7A5cJnV,m,22,giza,0,0
7305986448622,Ruairidh Mcdaniel,zZtJ3TKc,m,29,damietta,0,0
9509816727029,Yanis Savage,UdKcZ8jT,f,74,sharqiya,0,0
1105521550632,Mariya Ratliff,3eCaEvPz,f,75,aswan,0,0
8043151798183,Anastazja Webber,gf5MzLGE,f,27,cairo,0,0
2226282370953,Saqlain Hodson,n6bc8CKm,m,96,new valley,0,0
3464840107974,Khadeejah Swanson,S7rJtEHq,m,19,ismailia,0,0
1242167387465,Lucie Lee,gvqxP3Cw,f,46,red sea,0,0
4611276887493,Sanah Bruce,EjAz8W5T,f,21,beheira,0,0
1741845378515,Jakub Langley,Xe34cz68,f,73,new valley,0,0
3009189335768,Cairo Avila,MpqQ6cFH,f,76,beheira,0,0
9865767318815,Manon Pruitt,G2kc38Zh,m,44,ismailia,0,0
1933059909775,Jasper Blackburn,bNdAYe5y,f,22,qena,0,0
5067421650631,Allegra Stott,GSJKw4Aa,m,94,beheira,0,0
9122538458006,Misty Brooks,Yw67skby,f,42,cairo,0,0
8653011385140,Alister Southern,ejD3acpS,f,27,suez,0,0
3557368077872,Abida Molloy,XSJ72Eut,m,99,sharqiya,0,0
8214089718000,Anil Paul,FwvzfYr9,m,71,gharbiya,0,0
3869168509714,Iyla Buckner,XKC5Yhm6,m,59,kafr el sheikh,0,0
3624015871964,Siena Dolan,VyWE7KAg,m,47,alexandria,0,0
4258654300759,Lemar Randolph,6ZdvKsDh,m,99,red sea,0,0
9094562257606,Cordelia Sellers,jwQqa7GX,f,48,qena,0,0
9398317481420,Aneurin Mahoney,mXf6NYk4,m,57,damietta,0,0
7490997005761,Zayd Bloom,Y4Pm6Fra,f,55,gharbiya,0,0
9508905225904,Tanisha Todd,zy3RUwkj,f,56,fayyoum,0,0
3000818010142,habiba ahmed,bibabiba,f,20,cairo,0,0
1231231231231,shady nessim,shady404,m,19,cairo,0,0
9876543210987,test,test,m,19,cairo,0,0
5677567567567,testing,testing,m,27,bani suef,0,0
